Zarobek, Czas podrozy, Z populacji, Zarobek, Czas podrozy, Z populacji, Zarobek, Czas podrozy, Z populacji, Zarobek, Czas podrozy, Z populacji, 
261254, 2221108.58539966, 0, 264436, 2216242.528788048, 0, 267362, 2269384.008940359, 0, 261640, 2116852.738264233, 0, 
261977, 2208536.435171485, 1, 266872, 2218805.0059270565, 1, 267362, 2262246.581504214, 1, 261640, 2107279.8229221674, 1, 
261977, 2190381.1213807673, 2, 263800, 2166607.9109808085, 2, 267414, 2245557.3479939923, 2, 261640, 2106805.9031711915, 2, 
261677, 2183717.6692085946, 3, 263800, 2163441.229323247, 3, 267414, 2236364.669515823, 3, 261640, 2098928.092446488, 3, 
265496, 2176993.5737742805, 4, 264081, 2153810.03357601, 4, 267414, 2229378.948518641, 4, 262381, 2095174.153393914, 4, 
265496, 2164246.3230926325, 5, 264081, 2137137.215490203, 5, 267414, 2215448.4682303774, 5, 261575, 2079655.4664553446, 5, 
265496, 2155580.126404797, 6, 263495, 2123199.1296667424, 6, 267414, 2202631.440920765, 6, 261575, 2069666.0161777735, 6, 
266467, 2135208.9260178288, 7, 263495, 2113043.3038802827, 7, 266181, 2175089.501823605, 7, 261575, 2055458.0607739459, 7, 
267380, 2127326.9768858827, 8, 263495, 2101870.6834044456, 8, 263930, 2140269.9907116303, 8, 261903, 2051110.323311337, 8, 
268705, 2114448.208869265, 9, 263495, 2087404.7570193615, 9, 263930, 2136446.5551992278, 9, 260406, 2030949.4884652833, 9, 
268705, 2104172.950004282, 10, 263495, 2078591.5586824254, 10, 263930, 2127452.998433801, 10, 261584, 2022680.27411262, 10, 
268705, 2096137.9438844908, 11, 264010, 2067913.8172340302, 11, 263930, 2109225.9437253745, 11, 261584, 2013144.926527746, 11, 
268705, 2069810.8528931192, 12, 264296, 2058911.2336160876, 12, 263930, 2100598.7718979097, 12, 263101, 2017614.3892235372, 12, 
268705, 2053567.0571111965, 13, 264296, 2045129.7278791063, 13, 262716, 2085330.860681984, 13, 263101, 2013461.3502248672, 13, 
269195, 2050921.4844717348, 14, 264296, 2030191.6152846494, 14, 262716, 2069635.8059030669, 14, 263101, 2005466.1793885399, 14, 
269867, 2048843.8979664312, 15, 265063, 2021933.1320526658, 15, 263048, 2057437.7436741951, 15, 263101, 1999954.2059744387, 15, 
272057, 2036601.2127880042, 16, 265063, 2013342.0325269566, 16, 262364, 2032219.1748025229, 16, 264252, 1992639.299132943, 16, 
272057, 2026016.3051054694, 17, 265063, 1999718.072020238, 17, 262101, 2017024.6917869577, 17, 264252, 1987563.3292691885, 17, 
272057, 2018605.8891386206, 18, 264506, 1973138.1045735031, 18, 262101, 1997866.4345137211, 18, 264252, 1980115.4803670663, 18, 
272057, 2014487.945383417, 19, 264506, 1965119.113124133, 19, 262101, 1989655.4494789403, 19, 261384, 1957113.0374986804, 19, 
272057, 2004939.5535503044, 20, 264506, 1953000.160746355, 20, 262101, 1975903.3184125652, 20, 261384, 1951193.298931313, 20, 
270668, 1976792.1439289367, 21, 265026, 1934886.1985920009, 21, 262101, 1950072.8618025202, 21, 261384, 1929457.5753669704, 21, 
270668, 1969641.2438788586, 22, 263304, 1903483.02074234, 22, 263548, 1943139.0098585482, 22, 261384, 1920190.6455895223, 22, 
270668, 1963595.7197010166, 23, 263304, 1900776.5961041874, 23, 265427, 1948763.1273124046, 23, 261384, 1915277.050299458, 23, 
270668, 1959700.8785354893, 24, 263304, 1891645.5100758187, 24, 265427, 1943487.7553878152, 24, 261384, 1901423.210106125, 24, 
271768, 1957168.583889918, 25, 263304, 1885422.162870488, 25, 265613, 1930283.011548888, 25, 261384, 1896433.6980830505, 25, 
271768, 1944581.926764809, 26, 263304, 1879190.9241622554, 26, 265613, 1923641.0390152233, 26, 261384, 1891942.0686876595, 26, 
271768, 1940462.5879892046, 27, 263304, 1866701.2068580103, 27, 265221, 1919239.1853075023, 27, 259763, 1879125.9247441022, 27, 
271507, 1933843.4256818406, 28, 263304, 1860601.4429242818, 28, 265221, 1905693.0841094172, 28, 259763, 1869073.368684176, 28, 
271692, 1927423.5278777687, 29, 264039, 1861244.4465985931, 29, 264329, 1889912.737480786, 29, 259763, 1864236.7179352976, 29, 
271692, 1918608.5583005773, 30, 264039, 1848701.5310346046, 30, 264329, 1879391.2271877916, 30, 257740, 1825521.4893607253, 30, 
273369, 1912664.3943732001, 31, 264039, 1835963.8798492418, 31, 264329, 1871587.493155018, 31, 257740, 1814338.7683771565, 31, 
273369, 1907072.3604520275, 32, 264039, 1829811.434219489, 32, 264329, 1860504.97938615, 32, 257740, 1806633.6726485393, 32, 
273369, 1902770.82363051, 33, 266069, 1827279.6228919246, 33, 265139, 1856063.7142202973, 33, 264311, 1887964.5984058988, 33, 
273369, 1894295.687083724, 34, 266069, 1822783.964434204, 34, 265139, 1853255.9095279546, 34, 264311, 1878424.893521551, 34, 
273369, 1882855.2533844088, 35, 266069, 1819032.7258394451, 35, 264119, 1844801.499395779, 35, 264311, 1870233.8240846011, 35, 
273369, 1878967.090882859, 36, 266069, 1809695.4102794242, 36, 264119, 1835244.7771097932, 36, 264311, 1864234.6089474966, 36, 
274361, 1877343.1883780083, 37, 266069, 1807389.6893429484, 37, 262240, 1820215.4320334399, 37, 264311, 1856044.5086492347, 37, 
274361, 1868613.8109422422, 38, 266069, 1795769.360914096, 38, 262240, 1811557.5656261416, 38, 264311, 1848662.9899414608, 38, 
274361, 1858713.9367262328, 39, 266202, 1792772.631871572, 39, 260718, 1790193.371805035, 39, 265223, 1842743.5526934087, 39, 
274361, 1854147.3046906989, 40, 266202, 1783330.8997489158, 40, 260718, 1789603.3191682715, 40, 265223, 1838783.1052844464, 40, 
274361, 1852824.2744021777, 41, 266530, 1778494.6799040423, 41, 260718, 1786902.315688377, 41, 265223, 1830598.351589097, 41, 
274361, 1846572.3644865204, 42, 266530, 1762203.5050378088, 42, 260718, 1784018.837104276, 42, 265858, 1829788.7119291038, 42, 
274361, 1841153.7025554425, 43, 266530, 1757139.5787984936, 43, 260718, 1775677.941734592, 43, 265858, 1827472.083320701, 43, 
274361, 1835739.9150915032, 44, 266530, 1750053.7831854415, 44, 260718, 1768565.334358511, 44, 265858, 1824051.7195401727, 44, 
274361, 1826323.467298038, 45, 266530, 1739908.5725461757, 45, 260718, 1762392.931144315, 45, 266189, 1812013.1153488224, 45, 
274361, 1819392.97592861, 46, 266530, 1737314.3893536474, 46, 260718, 1757917.3075434726, 46, 266528, 1807366.5624689509, 46, 
274056, 1808776.6976264021, 47, 266224, 1730937.2691681043, 47, 260718, 1754261.2918392706, 47, 266528, 1801502.5867247365, 47, 
274056, 1789086.7600499617, 48, 265728, 1718598.1487588813, 48, 260718, 1745686.580381075, 48, 266528, 1792169.0196233487, 48, 
274056, 1786970.3204068327, 49, 265728, 1710720.8887652336, 49, 260718, 1741758.7723036474, 49, 261808, 1732454.6584998604, 49, 
274056, 1782491.9944857121, 50, 265728, 1702461.4185304798, 50, 258817, 1704408.3971826145, 50, 262919, 1717551.2339697988, 50, 
274056, 1781047.3481187313, 51, 265914, 1698234.4468248985, 51, 258817, 1700457.0786802534, 51, 261209, 1708452.7495385993, 51, 
267938, 1705135.1621285966, 52, 266202, 1694532.6394879383, 52, 258817, 1698127.8338697203, 52, 256336, 1683390.771995755, 52, 
267938, 1699774.4018241377, 53, 265914, 1685545.1497737733, 53, 258817, 1688554.6398013101, 53, 261935, 1710023.6482937557, 53, 
268674, 1699647.2537154178, 54, 265914, 1679838.5350441267, 54, 257923, 1671897.221643706, 54, 261935, 1708558.99087144, 54, 
268674, 1694901.2873521373, 55, 265914, 1676563.332963741, 55, 257923, 1665541.4222374272, 55, 261935, 1702505.4931482535, 55, 
268674, 1688528.7623529807, 56, 265914, 1661020.8906804416, 56, 257923, 1663761.3369834807, 56, 262546, 1685164.0680114878, 56, 
268674, 1683695.4146784917, 57, 266379, 1659465.8810145303, 57, 257218, 1661446.4685947574, 57, 262546, 1682955.6171941957, 57, 
268674, 1677390.215599345, 58, 266379, 1658469.3340866691, 58, 257218, 1658798.0979390007, 58, 262546, 1677020.8000115324, 58, 
268674, 1673637.6453527743, 59, 266379, 1654046.4339162034, 59, 257218, 1656225.0631372076, 59, 262546, 1670146.957594915, 59, 
268674, 1670805.886482853, 60, 266999, 1641702.592114659, 60, 257218, 1655298.8905473598, 60, 262546, 1663846.8809695868, 60, 
268674, 1656556.887611954, 61, 267221, 1636476.0803400755, 61, 256561, 1649817.0056443901, 61, 262546, 1657494.1829819037, 61, 
264771, 1625671.9669742223, 62, 267221, 1635986.5253256327, 62, 256561, 1646609.3150083253, 62, 262546, 1647025.2658027408, 62, 
266289, 1631582.5983742713, 63, 267221, 1621396.5934218902, 63, 256561, 1639619.3337198298, 63, 262546, 1638807.8997968633, 63, 
266289, 1626725.4687149397, 64, 267221, 1617907.0862271872, 64, 256561, 1631511.207146994, 64, 262546, 1634576.831307607, 64, 
266618, 1619667.5217994985, 65, 267221, 1615956.7352888014, 65, 256561, 1626287.947943635, 65, 262546, 1628710.9304565191, 65, 
266618, 1617295.2276865044, 66, 267221, 1612207.924538883, 66, 256561, 1622544.2782112893, 66, 262546, 1627028.4936805153, 66, 
266618, 1614872.1406069642, 67, 267221, 1611588.398730509, 67, 256561, 1621106.65968195, 67, 262546, 1622001.5084145803, 67, 
266618, 1610494.1422791563, 68, 267221, 1604826.2258525118, 68, 258033, 1612038.0133339192, 68, 262546, 1618364.2494912755, 68, 
266618, 1599650.4921651604, 69, 267221, 1603040.2244026316, 69, 258144, 1607184.696273484, 69, 262546, 1614668.7615204267, 69, 
266618, 1597047.583683645, 70, 267221, 1596360.5986129225, 70, 258144, 1605636.9556390846, 70, 262546, 1614170.4494575001, 70, 
266618, 1593636.3371453274, 71, 267221, 1593545.1378831444, 71, 258144, 1603552.2758388843, 71, 262546, 1611345.7901014294, 71, 
265968, 1586740.592357869, 72, 267221, 1590648.7950783963, 72, 258144, 1593684.4833717796, 72, 262968, 1599946.4199538778, 72, 
265968, 1580773.376720818, 73, 267221, 1587678.4942847327, 73, 258144, 1588662.020717947, 73, 262421, 1592545.358646723, 73, 
266380, 1575985.044950361, 74, 267221, 1583191.25212094, 74, 258144, 1587263.925789215, 74, 262421, 1584674.9044417643, 74, 
266499, 1575361.3119968704, 75, 267221, 1573520.9898540839, 75, 258144, 1586300.9427942967, 75, 262421, 1569229.7647782622, 75, 
266499, 1574408.9748000386, 76, 267221, 1568083.7127393966, 76, 258744, 1580756.9375651916, 76, 262421, 1559785.919120392, 76, 
266499, 1571290.3588608168, 77, 266291, 1555922.5229817468, 77, 259071, 1577076.0989569782, 77, 262421, 1552169.4573325017, 77, 
266499, 1567951.1930145621, 78, 266291, 1554238.3336129352, 78, 259071, 1569831.9477463516, 78, 263776, 1561992.88175936, 78, 
266499, 1565794.1077103412, 79, 266291, 1550392.121876174, 79, 259071, 1562725.1956784106, 79, 262201, 1543621.4410805039, 79, 
266499, 1556267.183856977, 80, 266291, 1541634.6898518722, 80, 259071, 1559535.0989840825, 80, 262201, 1539359.3405499605, 80, 
266499, 1547353.2752946906, 81, 266291, 1535817.4458044807, 81, 259391, 1552068.0836058315, 81, 262201, 1537500.1968555588, 81, 
266499, 1537913.8822951145, 82, 266291, 1533413.85112083, 82, 259391, 1551288.2174590966, 82, 262201, 1532522.2301560158, 82, 
266948, 1529397.574967294, 83, 266379, 1531711.2111785242, 83, 258803, 1539072.1705112737, 83, 260598, 1529323.1245526448, 83, 
266948, 1526972.4989977516, 84, 266379, 1528620.2844356233, 84, 258803, 1534378.206393841, 84, 260598, 1527482.9950574613, 84, 
271476, 1570875.2809707585, 85, 266379, 1520310.253877786, 85, 258803, 1531030.3323227344, 85, 261001, 1525160.3781947345, 85, 
267352, 1542838.600033769, 86, 269462, 1560993.852945587, 86, 256258, 1522243.1290537938, 86, 260674, 1520717.8838781582, 86, 
267352, 1538470.8473371202, 87, 269462, 1558686.6249662868, 87, 256258, 1519404.5953006763, 87, 260674, 1509077.2303067492, 87, 
267352, 1535908.303692414, 88, 269273, 1551293.405482023, 88, 256712, 1510819.6289786892, 88, 260674, 1505723.763679946, 88, 
263419, 1509360.5578775515, 89, 269273, 1543015.8643206186, 89, 256712, 1509943.1701061027, 89, 266885, 1551221.849031393, 89, 
263419, 1504539.3074007118, 90, 269273, 1534343.9898241742, 90, 256712, 1504567.2999741288, 90, 266885, 1545474.0841049498, 90, 
264752, 1508701.4402091599, 91, 269273, 1532114.452016865, 91, 256712, 1490383.4449576992, 91, 260674, 1496886.6310268585, 91, 
264752, 1508114.3145273349, 92, 270092, 1530298.1963626589, 92, 259404, 1519074.502521415, 92, 260786, 1494216.0420831048, 92, 
264752, 1505083.9625879354, 93, 269842, 1524622.4153472972, 93, 260976, 1499986.503503149, 93, 260786, 1492526.817638525, 93, 
264752, 1493481.6807211721, 94, 267988, 1512344.6906466952, 94, 260976, 1498484.3795422828, 94, 261701, 1489447.4745449694, 94, 
264752, 1491183.1303402148, 95, 268449, 1509349.0710352752, 95, 260976, 1497564.1868768078, 95, 263154, 1500093.0318933777, 95, 
265039, 1488766.0220156088, 96, 268449, 1508713.3767197654, 96, 260976, 1490611.9664121168, 96, 263154, 1495873.4007777153, 96, 
265039, 1485956.907442037, 97, 268449, 1504263.9731645426, 97, 260976, 1487711.7484434694, 97, 263154, 1492793.2020542368, 97, 
265039, 1482204.6657326329, 98, 268449, 1502384.8671130647, 98, 260078, 1481337.5500852475, 98, 263154, 1485899.9967372569, 98, 
265039, 1473519.1371072703, 99, 268449, 1496978.627412319, 99, 260078, 1478276.3628183135, 99, 262470, 1481872.5908675818, 99, 
265039, 1468275.7666868274, 100, 268449, 1494319.2130298836, 100, 258742, 1468610.552387993, 100, 260786, 1471911.6810350558, 100, 
265039, 1465118.4881869573, 101, 266150, 1467549.4918109898, 101, 258742, 1465527.4274406356, 101, 260786, 1470936.99679768, 101, 
265039, 1462412.5193484412, 102, 266150, 1460726.322157121, 102, 258742, 1461676.9871421857, 102, 258899, 1463913.9830168376, 102, 
265039, 1458272.2307279203, 103, 266813, 1458457.7526942105, 103, 258742, 1460322.4625576446, 103, 258899, 1455372.5287125192, 103, 
265039, 1457811.4322910276, 104, 266813, 1454379.2139127715, 104, 258742, 1457121.8018223403, 104, 258899, 1447910.1035352824, 104, 
264930, 1453987.4996204728, 105, 267992, 1452659.2632820925, 105, 258742, 1455030.2563340003, 105, 258899, 1442573.837250415, 105, 
264930, 1453683.1660439195, 106, 267992, 1448405.790068702, 106, 258742, 1450424.6255337116, 106, 258899, 1440902.3045689194, 106, 
263514, 1447333.578821932, 107, 267992, 1445253.5635927075, 107, 258742, 1444531.5344499685, 107, 258672, 1436516.045891403, 107, 
264219, 1445500.9261867604, 108, 267992, 1433296.6963213575, 108, 259331, 1445376.325254209, 108, 257822, 1429429.0727784273, 108, 
264219, 1444407.2358178298, 109, 267992, 1424895.1118193865, 109, 259331, 1441605.1785659266, 109, 257282, 1422330.1920623635, 109, 
264219, 1444127.5530925507, 110, 267992, 1422157.7727283374, 110, 259331, 1441108.67375523, 110, 257300, 1415869.8270202265, 110, 
264737, 1441996.9797421498, 111, 269115, 1424708.8314121242, 111, 259331, 1439259.0661175204, 111, 257300, 1410926.6728375605, 111, 
264737, 1440924.0831287224, 112, 269115, 1422124.1680375838, 112, 259331, 1431658.0916364135, 112, 257300, 1404990.015101755, 112, 
265380, 1439490.7241215324, 113, 269115, 1419977.843325527, 113, 259331, 1430670.5763594068, 113, 258406, 1397695.05768011, 113, 
265380, 1438140.964673977, 114, 269115, 1418269.7472105238, 114, 259331, 1428315.8122403955, 114, 258406, 1397672.718988661, 114, 
265380, 1435883.8445208215, 115, 269398, 1418869.1660692736, 115, 259331, 1424638.2610484597, 115, 256968, 1391316.1214945065, 115, 
265380, 1433310.7896656888, 116, 269398, 1416350.3857426972, 116, 260330, 1417607.320560498, 116, 259756, 1414984.6821851642, 116, 
266483, 1431484.6300348574, 117, 269398, 1409381.9260057423, 117, 260330, 1410610.3936868187, 117, 259756, 1411546.0380542167, 117, 
267214, 1427806.5613742764, 118, 267598, 1398180.4731501446, 118, 260330, 1403828.984293848, 118, 259756, 1409623.01001885, 118, 
267214, 1423068.586137182, 119, 268439, 1395203.7529225645, 119, 260330, 1400570.6245226634, 119, 259756, 1403450.7501908238, 119, 
267214, 1417643.8698000566, 120, 268439, 1392420.1212625077, 120, 260330, 1399345.7868324083, 120, 259161, 1402237.3792436102, 120, 
267214, 1414771.4208725102, 121, 269122, 1408149.8332819624, 121, 260330, 1395678.2802842401, 121, 256968, 1385699.5987603958, 121, 
267214, 1401724.1480079086, 122, 269122, 1403078.9186689297, 122, 260330, 1394419.313018011, 122, 257230, 1381988.9328074323, 122, 
267214, 1399962.7142822286, 123, 269122, 1395260.5473604288, 123, 260330, 1387371.5421340815, 123, 257230, 1378777.0061810578, 123, 
267214, 1398169.9817437548, 124, 269122, 1393184.3694720909, 124, 260330, 1384724.8745297776, 124, 257230, 1377606.833482419, 124, 
267214, 1396407.830295927, 125, 269122, 1393049.4722589895, 125, 260330, 1382011.5957105402, 125, 255867, 1365381.160309443, 125, 
267214, 1390563.3622910269, 126, 269122, 1391859.0921057614, 126, 260846, 1380741.4717870953, 126, 255867, 1359883.6855951487, 126, 
267214, 1389545.725926427, 127, 268439, 1385880.1394296174, 127, 260846, 1378885.8898866526, 127, 255867, 1359463.6480175362, 127, 
267214, 1373711.8204698511, 128, 268439, 1383745.6215465365, 128, 260846, 1374184.5329252349, 128, 255867, 1355507.57571589, 128, 
267214, 1369193.3500908965, 129, 267177, 1368177.2380468296, 129, 260846, 1372671.7874895919, 129, 255867, 1352819.040121326, 129, 
267214, 1356165.652189853, 130, 263155, 1349937.0614227566, 130, 261011, 1370478.0797949955, 130, 255867, 1352259.496642968, 130, 
267214, 1355299.308033375, 131, 263155, 1348857.2769357697, 131, 261011, 1367128.309483913, 131, 255867, 1350180.3289399862, 131, 
267214, 1352452.8985395972, 132, 263944, 1342674.669423443, 132, 262177, 1362383.1365276312, 132, 255505, 1344051.769782677, 132, 
267214, 1351166.6164560597, 133, 263944, 1341551.518745909, 133, 261479, 1357453.6505868635, 133, 255505, 1341242.0904622069, 133, 
267214, 1348063.9245302854, 134, 264999, 1341086.226502475, 134, 261479, 1356989.587282162, 134, 255505, 1336695.49263763, 134, 
267214, 1347776.286257896, 135, 264999, 1340660.2430832235, 135, 261479, 1352502.5170925423, 135, 256349, 1333903.917504517, 135, 
267214, 1347194.7255609932, 136, 264999, 1338091.572043265, 136, 261479, 1349481.394415543, 136, 256349, 1330889.2470749447, 136, 
267214, 1345643.4143905519, 137, 264999, 1334311.0788984788, 137, 261479, 1349399.854241074, 137, 256349, 1329696.0779013808, 137, 
267214, 1340902.5098026013, 138, 264999, 1332457.6391821343, 138, 261479, 1347232.810530393, 138, 266015, 1402383.946196751, 138, 
267214, 1339911.1683270265, 139, 271846, 1400380.418552768, 139, 261479, 1342718.6461336259, 139, 266015, 1396334.163831188, 139, 
267214, 1336189.882548157, 140, 272075, 1399603.9937435987, 140, 261479, 1338501.173992986, 140, 266015, 1390856.1844931762, 140, 
269355, 1369284.5405031596, 141, 270618, 1388308.441597625, 141, 261479, 1334066.4696282218, 141, 266015, 1388390.7165630923, 141, 
269355, 1368541.7002294154, 142, 270618, 1387031.7346359019, 142, 261479, 1332063.072457686, 142, 262900, 1373067.1747623382, 142, 
269355, 1362958.5516625533, 143, 270618, 1382121.7468249782, 143, 261479, 1329159.1125437405, 143, 262906, 1369544.9061984073, 143, 
269355, 1362958.5516625533, 143, 264784, 1337592.5567845989, 144, 261322, 1327735.3296269695, 144, 262906, 1368277.9792192848, 144, 
269355, 1361840.4386985118, 145, 264784, 1335645.1835354045, 145, 261322, 1327276.1246120618, 145, 262906, 1366526.6754369426, 145, 
269355, 1358664.586827858, 146, 265429, 1329863.7664050285, 146, 261322, 1321018.7778362688, 146, 262906, 1366116.7668134244, 146, 
269355, 1357047.3222572652, 147, 268668, 1340968.1259453595, 147, 261322, 1316305.1196759925, 147, 262906, 1364907.0998283462, 147, 
269355, 1354478.5500582207, 148, 268668, 1339048.0604989643, 148, 261322, 1312826.488641595, 148, 262906, 1363672.6254672552, 148, 
269355, 1347034.040972753, 149, 268668, 1335766.6620951653, 149, 261322, 1312394.8382134517, 149, 262906, 1360999.1750758877, 149, 
269355, 1339117.9286833445, 150, 268668, 1334004.5570284529, 150, 261322, 1309609.0954269376, 150, 262906, 1354738.3334306926, 150, 
269355, 1337131.9501706888, 151, 268668, 1332674.276775885, 151, 261322, 1307595.4937743084, 151, 262906, 1353158.057883224, 151, 
269355, 1336020.6833530872, 152, 268668, 1329798.545190806, 152, 262613, 1314654.5041069174, 152, 253180, 1275033.8702572256, 152, 
269355, 1333522.5793375082, 153, 268668, 1329798.545190806, 152, 262755, 1313022.387925158, 153, 253180, 1272518.1556097553, 153, 
269355, 1330368.9441806881, 154, 268668, 1328276.815474122, 154, 262755, 1306602.1255241625, 154, 257134, 1303544.135936435, 154, 
269355, 1329659.9941086369, 155, 268668, 1325977.3315409957, 155, 262755, 1303249.827609336, 155, 257134, 1303232.2802594823, 155, 
269355, 1322710.412591752, 156, 267177, 1313860.101216997, 156, 262755, 1301019.186564836, 156, 257134, 1299205.8548479343, 156, 
269355, 1321225.6271461374, 157, 267177, 1313358.260989154, 157, 262755, 1299958.83747842, 157, 257134, 1293792.6093410116, 157, 
269355, 1319443.3439999071, 158, 267177, 1313358.260989154, 157, 261811, 1294691.7737796986, 158, 257134, 1289876.8390930004, 158, 
269355, 1316766.973253627, 159, 267177, 1310761.9592314234, 159, 262058, 1292898.7395200897, 159, 257134, 1287903.6965078593, 159, 
269795, 1310431.4159949182, 160, 266566, 1309477.7221842217, 160, 262058, 1287468.222097012, 160, 257134, 1287409.1943091133, 160, 
269795, 1304628.7696207354, 161, 266566, 1308257.128492428, 161, 262058, 1286437.3856930423, 161, 257134, 1285503.5595839203, 161, 
269795, 1298848.7573217656, 162, 266566, 1306215.5004510852, 162, 262058, 1285508.4612387365, 162, 257134, 1282068.891390858, 162, 
269795, 1297295.211126628, 163, 267177, 1301232.0870771355, 163, 261589, 1281670.6131247433, 163, 256173, 1271301.2647409255, 163, 
270184, 1296692.6567739025, 164, 267177, 1299934.547683769, 164, 261589, 1278135.2517270308, 164, 256173, 1270590.7388519666, 164, 
270184, 1293429.236781003, 165, 267177, 1299348.0212028131, 165, 261589, 1277150.7351781938, 165, 256173, 1267340.720108427, 165, 
270184, 1284799.4452619483, 166, 267177, 1297686.0735174168, 166, 261589, 1275274.0798669732, 166, 256173, 1263358.3695323141, 166, 
270184, 1278704.6130304635, 167, 267177, 1294485.8577743778, 167, 261589, 1271386.484080102, 167, 256752, 1261193.8518091254, 167, 
270584, 1276966.313532901, 168, 266602, 1291242.3668480183, 168, 261589, 1271082.905866659, 168, 256752, 1259169.457126019, 168, 
270584, 1272605.9031614547, 169, 266602, 1290576.4268564188, 169, 261589, 1269836.2152721025, 169, 256752, 1255478.9306553234, 169, 
270584, 1272605.9031614547, 169, 266566, 1288713.51115786, 170, 261589, 1268383.499179439, 170, 256752, 1251789.1528520563, 170, 
270584, 1268670.438565469, 171, 265912, 1282279.6120012966, 171, 261589, 1268045.1563786545, 171, 256752, 1250832.999789819, 171, 
269428, 1261857.667392036, 172, 265912, 1279882.0222319616, 172, 261400, 1265477.5530806035, 172, 256752, 1250041.6719304451, 172, 
269428, 1259732.1182998735, 173, 262557, 1258877.4811672668, 173, 261400, 1265339.0278796998, 173, 256752, 1249811.855187863, 173, 
268753, 1254470.1052901486, 174, 262557, 1257112.6074847819, 174, 261400, 1261156.6392134354, 174, 256752, 1248130.961014805, 174, 
268753, 1254219.7313833777, 175, 262557, 1256587.7284808087, 175, 261400, 1258575.6265221278, 175, 257014, 1248618.6656614398, 175, 
269094, 1252736.9642221024, 176, 262557, 1253938.6926392831, 176, 261400, 1258255.2523487997, 176, 257014, 1246834.26132759, 176, 
269094, 1250491.7655544796, 177, 262557, 1250403.2778172689, 177, 262038, 1256766.0578212831, 177, 257014, 1245072.8672287352, 177, 
269094, 1248107.3856032337, 178, 262557, 1248784.5769315008, 178, 262038, 1255125.3225292666, 178, 257816, 1244323.0799183897, 178, 
267343, 1228078.6063210843, 179, 262557, 1246408.5254395562, 179, 262038, 1253947.1340713776, 179, 257816, 1241983.4894334434, 179, 
267343, 1227486.60485282, 180, 262557, 1245996.7567400567, 180, 262038, 1249199.7453872692, 180, 257816, 1239250.0323364867, 180, 
267343, 1226765.7978524333, 181, 262557, 1236505.2473184054, 181, 262038, 1245548.826896707, 181, 257816, 1238026.696630684, 181, 
266108, 1221875.9086264248, 182, 262557, 1232236.4350728716, 182, 262038, 1242144.4783254573, 182, 257816, 1233113.2160312366, 182, 
266108, 1221581.0275089827, 183, 262557, 1230873.9301865185, 183, 262038, 1240027.2930293488, 183, 257816, 1233113.2160312366, 183, 
266108, 1214529.5073415476, 184, 262557, 1230786.3475335683, 184, 262038, 1240027.2930293488, 183, 257816, 1230785.2544457216, 184, 
266108, 1214529.5073415476, 184, 262557, 1229569.1538617616, 185, 262038, 1237532.5260548624, 185, 257816, 1230785.2544457216, 184, 
266108, 1214529.5073415476, 184, 259200, 1219158.7952205988, 186, 262038, 1236565.7203251887, 186, 257816, 1229713.975009396, 186, 
266108, 1214529.5073415476, 184, 259200, 1218173.500209113, 187, 262038, 1236565.7203251887, 186, 257816, 1229344.6613102958, 187, 
266943, 1213408.0691943527, 188, 259200, 1215581.838897493, 188, 262038, 1226018.625579039, 188, 257816, 1224113.8300882853, 188, 
266943, 1211265.2437809838, 189, 259200, 1213023.9564288242, 189, 262038, 1224247.495313124, 189, 257816, 1219189.5453229789, 189, 
266943, 1206802.203331214, 190, 259200, 1211647.5529217904, 190, 262038, 1219112.2593701903, 190, 257816, 1218954.8867519652, 190, 
266943, 1205214.342514468, 191, 258423, 1204760.9431509902, 191, 262038, 1218900.5976786886, 191, 257075, 1215356.5827085262, 191, 
266943, 1203648.8730794901, 192, 258423, 1203763.325412327, 192, 262038, 1218012.0991677481, 192, 257075, 1210884.8045017882, 192, 
266943, 1201244.3385170721, 193, 258423, 1203752.9211174916, 193, 262038, 1215597.8381332026, 193, 257075, 1210884.8045017882, 192, 
267343, 1200617.5251391781, 194, 258423, 1202458.7273653797, 194, 262038, 1214712.3377847283, 194, 257075, 1207119.2172974944, 194, 
267343, 1197724.9700551082, 195, 258423, 1200831.1812399484, 195, 262038, 1212974.3035104105, 195, 257075, 1206374.9160998513, 195, 
267343, 1197720.8563764216, 196, 258890, 1200440.682080152, 196, 262038, 1209455.3445016786, 196, 257075, 1203848.851333248, 196, 
266576, 1194081.9207340225, 197, 258890, 1197753.7588178148, 197, 262038, 1208149.5964736526, 197, 257075, 1203848.851333248, 196, 
266576, 1189696.5459768844, 198, 258890, 1196635.4313878864, 198, 262038, 1207879.555383613, 198, 257075, 1203474.2327493294, 198, 
266576, 1189696.5459768844, 198, 258890, 1195380.5464930458, 199, 262038, 1203318.2694662155, 199, 257075, 1200537.2751247345, 199, 
278338, 1305879.2569322924, 200, 259717, 1195119.5409436973, 200, 262038, 1200881.4164667048, 200, 257374, 1194478.8939626366, 200, 
278338, 1305879.2569322924, 200, 259717, 1193646.0760993666, 201, 262038, 1194850.832069794, 201, 257374, 1194478.8939626366, 200, 
278683, 1303604.3071552177, 202, 263549, 1220141.6134809647, 202, 262038, 1194850.832069794, 202, 267715, 1282750.7084950372, 202, 
278683, 1302549.77670024, 203, 263549, 1216904.1496445094, 203, 262038, 1193383.0493347028, 203, 267715, 1282750.7084950372, 202, 
278683, 1299399.6779375218, 204, 263549, 1214676.3384258633, 204, 262038, 1190501.45718649, 204, 267715, 1276307.7037663376, 204, 
278683, 1298108.3180068184, 205, 263549, 1214479.8822033945, 205, 262038, 1188140.086701826, 205, 267715, 1275175.3053223812, 205, 
278683, 1296470.2378266978, 206, 263549, 1214479.8822033945, 205, 266860, 1229513.6342106387, 206, 267715, 1274096.0385154907, 206, 
278683, 1296470.2378266978, 206, 263549, 1211749.035494801, 207, 266860, 1227688.0626411517, 207, 267715, 1273620.0762459834, 207, 
278683, 1295389.9103393229, 208, 263549, 1205288.7089895837, 208, 266860, 1227376.291294145, 208, 267715, 1270511.6916800737, 208, 
278683, 1294247.9648953665, 209, 263549, 1203128.5389625134, 209, 266860, 1226836.0456768288, 209, 267715, 1269690.3674761346, 209, 
278683, 1294247.9648953665, 209, 263549, 1203128.5389625134, 209, 262876, 1205641.4259542369, 210, 267715, 1269690.3674761346, 209, 
278683, 1294247.9648953665, 209, 263549, 1200644.4978432117, 211, 262876, 1201060.193667582, 211, 267715, 1267133.4199295896, 211, 
278683, 1288550.3593207127, 212, 263549, 1199371.3735702694, 212, 262876, 1198684.0317340659, 212, 268423, 1263246.9257644354, 212, 
278683, 1288491.517823365, 213, 263549, 1194021.4822449638, 213, 262876, 1198116.9899795633, 213, 268423, 1262143.407873761, 213, 
278683, 1282502.0556167092, 214, 264017, 1195516.9330219673, 214, 262876, 1197718.5436746085, 214, 268931, 1262329.116939799, 214, 
278683, 1279867.5038625859, 215, 264017, 1193712.0058830767, 215, 262876, 1197011.1096917011, 215, 268931, 1252733.6369074495, 215, 
278683, 1277249.0748698558, 216, 271622, 1259979.335910418, 216, 269237, 1281782.1180670392, 216, 269762, 1259040.0555074348, 216, 
278683, 1271560.222684055, 217, 271622, 1258080.6363574006, 217, 269237, 1280209.8050728657, 217, 269762, 1256319.0991531222, 217, 
278683, 1267950.7989588983, 218, 271622, 1255557.4223114548, 218, 269237, 1280209.8050728657, 217, 269762, 1254269.5125317157, 218, 
278683, 1267744.9227954827, 219, 271622, 1255396.1480472093, 219, 269237, 1271711.8077791964, 219, 269762, 1252066.6830031304, 219, 
278683, 1267744.9227954827, 219, 272500, 1255561.088861515, 220, 269237, 1271122.7177886807, 220, 270104, 1250846.6490841317, 220, 
278683, 1266794.1421601893, 221, 272370, 1252147.9812920373, 221, 269237, 1269893.9748355865, 221, 270641, 1249452.9847783567, 221, 
278683, 1266372.653914927, 222, 272370, 1250977.5480112345, 222, 269237, 1269645.088768849, 222, 270641, 1247825.1259340218, 222, 
271333, 1214739.1437446761, 223, 272370, 1249190.4349354338, 223, 269237, 1269172.9587878091, 223, 270641, 1245288.7798553505, 223, 
271333, 1214739.1437446761, 223, 271844, 1246242.5384041178, 224, 261552, 1207952.9433511556, 224, 265739, 1210066.5180458808, 224, 
271333, 1213335.1647091636, 225, 271844, 1242816.2618157424, 225, 274152, 1314067.4917211113, 225, 274263, 1275261.3776816612, 225, 
271333, 1211676.722579212, 226, 271844, 1242816.2618157424, 225, 274152, 1314067.4917211113, 225, 274263, 1275261.3776816612, 225, 
273447, 1203940.353441368, 227, 271844, 1242816.2618157424, 225, 274152, 1314067.4917211113, 225, 274263, 1275261.3776816612, 225, 
276336, 1224764.6818900586, 228, 271844, 1241462.0184943944, 228, 274152, 1314067.4917211113, 225, 274818, 1275355.0470937556, 228, 
276336, 1222526.7594254096, 229, 266764, 1197851.376053674, 229, 274152, 1312682.5685382914, 229, 274818, 1271820.7289874987, 229, 
276336, 1221140.5005366965, 230, 266070, 1193687.122831886, 230, 274152, 1304735.6139423798, 230, 272289, 1256979.8953878721, 230, 
276813, 1220658.5220794377, 231, 266070, 1192105.4053625758, 231, 264021, 1227204.024287645, 231, 272289, 1252468.8459734032, 231, 
272240, 1179495.2081011562, 232, 266070, 1191169.6727251501, 232, 264021, 1223953.3756133623, 232, 272289, 1246096.1383494968, 232, 
277257, 1230919.3910609789, 233, 266070, 1182464.906629972, 233, 264021, 1221494.8326483106, 233, 272289, 1246012.6276059868, 233, 
274968, 1218577.9381030896, 234, 266070, 1180664.516888007, 234, 263028, 1214811.7661800885, 234, 272289, 1245290.4857810251, 234, 
274968, 1215123.7087282354, 235, 266070, 1180221.925390009, 235, 262586, 1213123.3710583248, 235, 272289, 1243895.080458648, 235, 
274968, 1213787.8448810384, 236, 266070, 1171678.2200224379, 236, 262799, 1211676.3963994244, 236, 272289, 1243362.29037685, 236, 
275343, 1213840.1150335388, 237, 264367, 1164782.0874208328, 237, 262586, 1209853.0506269292, 237, 272289, 1242327.7363876859, 237, 
275343, 1211669.99504286, 238, 264367, 1162660.8270881143, 238, 263018, 1208567.1272399742, 238, 263834, 1196730.142326205, 238, 
275343, 1209804.7171088408, 239, 264312, 1160999.1655465225, 239, 263018, 1207428.8322575968, 239, 263834, 1194174.6871017185, 239, 
275343, 1209397.704536237, 240, 264312, 1160290.80074094, 240, 263018, 1207428.8322575968, 240, 263834, 1187505.3772888223, 240, 
275343, 1209397.704536237, 240, 264312, 1158532.9769878488, 241, 263018, 1206804.090071868, 241, 265381, 1186247.283552602, 241, 
275343, 1208184.617812321, 242, 264312, 1157778.1658293514, 242, 263018, 1206194.2325250795, 242, 265381, 1186066.9845573064, 242, 
275343, 1207194.4904283138, 243, 264312, 1157778.1658293514, 242, 263018, 1205804.0238912161, 243, 265381, 1185596.896553535, 243, 
275343, 1206579.8858388783, 244, 264312, 1157778.1658293514, 242, 263018, 1205309.317285283, 244, 265381, 1185000.0135455453, 244, 
275343, 1204971.0052612484, 245, 273959, 1254779.1216330694, 245, 263018, 1200954.604661047, 245, 265381, 1184668.1895655147, 245, 
275343, 1204810.93680082, 246, 273959, 1253805.4275687945, 246, 262286, 1200718.4205497426, 246, 267721, 1211256.1415854674, 246, 
272240, 1189131.4235156756, 247, 273959, 1253805.4275687945, 247, 262286, 1200139.778738004, 247, 267721, 1205255.4653588622, 247, 
272240, 1189131.4235156756, 247, 273959, 1250277.762640734, 248, 262286, 1200139.778738004, 247, 266719, 1200441.7023845674, 248, 
273289, 1190918.7643850436, 249, 273959, 1249719.6757579374, 249, 262286, 1198713.744301546, 249, 266719, 1197377.3738722338, 249, 

